molecule,z2Symmetries,mapping,ansatz,ansatz_circuit,hamiltonian,avg_pauli_weight,num_pauli_strings,num_qubits,vqe_energies,iterations,parameters,error,exact_energies,exact_solution,avg_hardware_pauli_weight,max_pauli_weight,max_hrdwr_pauli_weight,num_parameters,gates,depth,ansatz_reps
H2,False,bravyi_kitaev,EfficientSU2,"     ┌───┐»
q_0: ┤ X ├»
     └───┘»
q_1: ─────»
     ┌───┐»
q_2: ┤ X ├»
     └───┘»
q_3: ─────»
          »
«     ┌──────────────────────────────────────────────────────────────────────────────────────────────────────┐
«q_0: ┤0                                                                                                     ├
«     │                                                                                                      │
«q_1: ┤1                                                                                                     ├
«     │  EfficientSU2(θ[0],θ[1],θ[2],θ[3],θ[4],θ[5],θ[6],θ[7],θ[8],θ[9],θ[10],θ[11],θ[12],θ[13],θ[14],θ[15]) │
«q_2: ┤2                                                                                                     ├
«     │                                                                                                      │
«q_3: ┤3                                                                                                     ├
«     └──────────────────────────────────────────────────────────────────────────────────────────────────────┘","SparsePauliOp(['IIII', 'IIIZ', 'IIZZ', 'IZII', 'ZZZI', 'IIZI', 'IZIZ', 'ZZZZ', 'ZXIX', 'IXZX', 'ZXZX', 'IXIX', 'IZZZ', 'ZZIZ', 'ZIZI'],
              coeffs=[-0.81530017+0.j,  0.16988452+0.j, -0.21886307+0.j,  0.16988452+0.j,
 -0.21886307+0.j,  0.12005143+0.j,  0.16821199+0.j,  0.16549431+0.j,
  0.04544288+0.j, -0.04544288+0.j, -0.04544288+0.j,  0.04544288+0.j,
  0.16549431+0.j,  0.17395379+0.j,  0.12005143+0.j])",2.2666666666666666,15,4,"[array([-1.07581076]), array([-1.12329407]), array([-1.06067031]), array([-1.0630068]), array([-1.16889669]), array([-1.12658792]), array([-1.15484431]), array([-1.15073771]), array([-1.11732298]), array([-0.9640194]), array([-1.09378908]), array([-1.19797976]), array([-1.19281865]), array([-1.18068886]), array([-1.17915195]), array([-1.19916105]), array([-1.19613683]), array([-1.07132397]), array([-1.21679555]), array([-1.15702019]), array([-1.13356478]), array([-1.23019383]), array([-1.21188028]), array([-1.25022133]), array([-1.24558427]), array([-1.28029642]), array([-1.25994526]), array([-1.28657143]), array([-1.25192311]), array([-1.18401549]), array([-1.28743202]), array([-1.31539443]), array([-1.30527]), array([-1.40631544]), array([-1.47619935]), array([-1.50455994]), array([-1.40250031]), array([-1.50019108]), array([-1.54984811]), array([-1.57899102]), array([-1.60359811]), array([-1.56269917]), array([-1.54018958]), array([-1.58402989]), array([-1.58191066]), array([-1.58107369]), array([-1.5942115]), array([-1.64640423]), array([-1.65765577]), array([-1.66175945]), array([-1.69243087]), array([-1.70524445]), array([-1.56142527]), array([-1.67817011]), array([-1.58737333]), array([-1.71369738]), array([-1.72332667]), array([-1.68983585]), array([-1.70932299]), array([-1.73424442]), array([-1.75060415]), array([-1.76560644]), array([-1.74699173]), array([-1.75736852]), array([-1.68140819]), array([-1.75283802]), array([-1.71513489]), array([-1.75064318]), array([-1.71362722]), array([-1.73581681]), array([-1.73357398]), array([-1.71704696]), array([-1.72512507]), array([-1.75356836]), array([-1.74930042]), array([-1.74982743]), array([-1.76382801]), array([-1.72598941]), array([-1.72855314]), array([-1.7357212]), array([-1.7449747]), array([-1.75182138]), array([-1.74631485]), array([-1.75114921]), array([-1.73287624]), array([-1.75206772]), array([-1.74492571]), array([-1.7438522]), array([-1.74233376]), array([-1.74206589]), array([-1.7497572]), array([-1.74270165]), array([-1.73193576]), array([-1.74696503]), array([-1.74341986]), array([-1.74440401]), array([-1.75011052]), array([-1.73201352]), array([-1.74951251]), array([-1.75374376]), array([-1.72699532]), array([-1.74535532]), array([-1.75665423]), array([-1.75256767]), array([-1.74340329]), array([-1.74568339]), array([-1.74398765]), array([-1.75163203]), array([-1.75815313]), array([-1.75117367]), array([-1.74442573]), array([-1.74247398]), array([-1.73646886]), array([-1.7488389]), array([-1.74915305]), array([-1.75424238]), array([-1.74580857]), array([-1.75445566]), array([-1.74116152]), array([-1.74116217]), array([-1.74550667]), array([-1.75542021]), array([-1.73651205]), array([-1.75614617]), array([-1.74608708]), array([-1.73525421]), array([-1.74903574]), array([-1.74411231]), array([-1.74832418]), array([-1.74403545]), array([-1.74581034]), array([-1.74845639]), array([-1.73789686]), array([-1.7463403]), array([-1.73960998]), array([-1.75012471]), array([-1.73132236]), array([-1.74059922]), array([-1.74585334]), array([-1.74928441]), array([-1.7491999]), array([-1.7580352]), array([-1.74305441]), array([-1.74167704]), array([-1.74353172]), array([-1.74871123]), array([-1.75403531]), array([-1.75588598]), array([-1.75278071]), array([-1.73715374]), array([-1.75111612]), array([-1.74277849]), array([-1.74821527]), array([-1.73842249]), array([-1.7414976]), array([-1.7428314]), array([-1.74770776]), array([-1.74611446]), array([-1.74168873]), array([-1.75683519]), array([-1.73810515]), array([-1.75708059]), array([-1.74908549])]",163,"[array([0., 0., 0., 0., 0., 0., 0., 0., 0., 0., 0., 0., 0., 0., 0., 0.]), array([1., 0., 0., 0., 0., 0., 0., 0., 0., 0., 0., 0., 0., 0., 0., 0.]), array([1., 1., 0., 0., 0., 0., 0., 0., 0., 0., 0., 0., 0., 0., 0., 0.]), array([1., 0., 1., 0., 0., 0., 0., 0., 0., 0., 0., 0., 0., 0., 0., 0.]), array([1., 0., 0., 1., 0., 0., 0., 0., 0., 0., 0., 0., 0., 0., 0., 0.]), array([1., 0., 0., 1., 1., 0., 0., 0., 0., 0., 0., 0., 0., 0., 0., 0.]), array([1., 0., 0., 1., 0., 1., 0., 0., 0., 0., 0., 0., 0., 0., 0., 0.]), array([1., 0., 0., 1., 0., 0., 1., 0., 0., 0., 0., 0., 0., 0., 0., 0.]), array([1., 0., 0., 1., 0., 0., 0., 1., 0., 0., 0., 0., 0., 0., 0., 0.]), array([1., 0., 0., 1., 0., 0., 0., 0., 1., 0., 0., 0., 0., 0., 0., 0.]), array([1., 0., 0., 1., 0., 0., 0., 0., 0., 1., 0., 0., 0., 0., 0., 0.]), array([1., 0., 0., 1., 0., 0., 0., 0., 0., 0., 1., 0., 0., 0., 0., 0.]), array([1., 0., 0., 1., 0., 0., 0., 0., 0., 0., 1., 1., 0., 0., 0., 0.]), array([1., 0., 0., 1., 0., 0., 0., 0., 0., 0., 1., 0., 1., 0., 0., 0.]), array([1., 0., 0., 1., 0., 0., 0., 0., 0., 0., 1., 0., 0., 1., 0., 0.]), array([1., 0., 0., 1., 0., 0., 0., 0., 0., 0., 1., 0., 0., 0., 1., 0.]), array([1., 0., 0., 1., 0., 0., 0., 0., 0., 0., 1., 0., 0., 0., 1., 1.]), array([ 1.18480056, -0.24372578, -0.23463238,  1.17748111, -0.16466176,
       -0.05469053, -0.07067302, -0.20072003, -0.79736314, -0.29231172,
        1.11318856, -0.02008654, -0.06729455, -0.07327606,  1.00459747,
       -0.01176998]), array([ 1.0746473 , -0.09844923, -0.09477609,  1.07169073, -0.06651255,
       -0.02209139, -0.02854727, -0.08107773,  0.4365479 , -0.11807476,
        1.04572075, -0.00811364, -0.02718258, -0.02959872,  1.00185708,
       -0.0047543 ]), array([ 1.11611466,  0.37935154, -0.1474252 ,  1.11151568, -0.10346097,
       -0.03436338, -0.04440557, -0.12611726,  0.51629132, -0.18366653,
        1.07111911, -0.01262086, -0.04228279, -0.04604112,  1.0028887 ,
       -0.00739537]), array([ 1.27104517, -0.09844923,  0.05991029,  1.07169073, -0.06651255,
       -0.02209139, -0.02854727, -0.08107773,  0.4365479 , -0.11807476,
        1.04572075, -0.00811364, -0.02718258, -0.02959872,  1.00185708,
       -0.0047543 ]), array([ 0.61621457, -0.18532049,  0.03232839,  1.11024898, -0.10228576,
       -0.03397305, -0.04390117, -0.1246847 ,  0.51375495, -0.18158028,
        1.07031128, -0.0124775 , -0.04180251, -0.04551815,  1.00285589,
       -0.00731136]), array([ 0.61621457, -0.18532049,  0.03232839,  1.11024898, -0.10228576,
       -0.03397305, -0.04390117, -0.33077555,  0.51375495, -0.04006504,
        1.07031128, -0.0124775 , -0.04180251, -0.04551815,  1.00285589,
       -0.00731136]), array([ 0.48983664, -0.27036982, -0.25261968,  1.14799855, -0.13730871,
       -0.04560553, -0.05893306,  0.13107605,  0.58934275,  0.08376289,
        1.09438607, -0.01674983, -0.05611581, -0.0611037 ,  1.00383376,
       -0.00981479]), array([ 0.48983664, -0.27036982, -0.25261968,  0.9779646 , -0.32058025,
       -0.04560553, -0.05893306,  0.13107605,  0.58934275,  0.08376289,
        1.09438607, -0.01674983, -0.05611581, -0.0611037 ,  1.00383376,
       -0.00981479]), array([ 0.4128025 , -0.32221196, -0.42631084,  0.82932793,  0.17111132,
       -0.05269614, -0.06809581,  0.10348485,  0.63541758, -0.02171718,
        1.10906094, -0.01935405, -0.06484053, -0.07060393,  1.00442982,
       -0.01134077]), array([ 0.4128025 , -0.32221196, -0.42631084,  0.82932793,  0.17111132,
       -0.25040966,  0.08490538,  0.10348485,  0.63541758, -0.02171718,
        1.10906094, -0.01935405, -0.06484053, -0.07060393,  1.00442982,
       -0.01134077]), array([ 0.38426933, -0.34141409, -0.49064541,  0.84559565,  0.16074738,
        0.26046415,  0.31172126,  0.09326518,  0.65248353, -0.06078661,
        1.11449646, -0.02031864, -0.06807214, -0.07412278,  1.0046506 ,
       -0.01190599]), array([ 0.38426933, -0.34141409, -0.49064541,  0.84559565,  0.16074738,
        0.26046415,  0.31172126,  0.09326518,  0.65248353, -0.06078661,
        0.97863607, -0.02031864, -0.06807214, -0.28398452,  1.0046506 ,
       -0.01190599]), array([ 0.34215413, -0.36975662, -0.58560381,  0.86960693,  0.14545013,
        0.26982114,  0.28711961,  0.07818084,  0.67767302, -0.11845343,
        0.73161585, -0.02174239, -0.07284202,  0.21929146,  1.00497647,
       -0.01274025]), array([ 0.38426933, -0.34141409, -0.49064541,  0.84559565,  0.16074738,
        0.26046415,  0.31172126,  0.09326518,  0.65248353, -0.06078661,
        1.11449646, -0.25987475,  0.00343221, -0.07412278,  1.0046506 ,
       -0.01190599]), array([ 0.36506601, -0.35433747, -0.53394371,  0.8565441 ,  0.15377227,
        0.26473067,  0.30050361,  0.08638715,  0.66396921, -0.08708103,
        1.15711552, -0.11885035,  0.47741038, -0.08094639,  1.00479919,
       -0.01228639]), array([ 0.3661583 , -0.35577805, -0.53533054,  0.85759313,  0.15279901,
        0.26440741,  0.30008589,  0.08520077,  0.65925627, -0.08880878,
        1.15778454, -0.11896908,  0.47701262, -0.0813795 ,  1.00479919,
       -0.26221652]), array([ 0.33745468, -0.48561214, -0.79560029,  0.9588795 ,  0.07278101,
        0.26669167,  0.2296878 , -0.00521786,  0.47020733, -0.29185009,
        1.3786137 , -0.12888196,  0.45043911, -0.1332954 ,  1.00545061,
        0.01923639]), array([ 0.23196866, -0.07791421, -0.96229067,  0.98812154,  0.05978737,
        0.2916174 ,  0.18758183, -0.01384107,  0.51394877, -0.37671128,
        1.55555411, -0.13062076,  0.45133806, -0.15559957,  1.00611061,
        0.04050912]), array([ 0.18945095, -0.08497595, -1.05052812,  0.98592232,  0.10191511,
        0.38853199,  0.10207455,  0.05797449,  0.51092836, -0.477161  ,
        2.00303141, -0.12591774,  0.48616303, -0.18370478,  1.00798223,
        0.10647908]), array([ 0.08002904, -0.03266189, -1.35199822,  1.06263454,  0.06510096,
        0.44737381, -0.0025075 ,  0.03063619,  0.47146562, -0.69270173,
        1.95140055, -0.11909116,  0.52537665,  0.07391163,  1.00958631,
        0.16465738]), array([ 0.18972483, -0.08472096, -1.05047044,  0.98575864,  0.10206696,
        0.38858242,  0.10213973,  0.0553288 ,  0.51007212, -0.47494762,
        2.00292702, -0.12589921,  0.48622509, -0.1836372 ,  1.25795652,
        0.10648993]), array([ 0.15704311, -0.08009468, -1.1378982 ,  0.97533286,  0.11903868,
        0.40931762,  0.09056294, -0.32761147,  0.50651529, -0.19700974,
        2.11362392, -0.12476632,  0.49349253, -0.20767206,  0.99644611,
        0.11866359]), array([-0.0542087 , -0.08504513, -1.05624593,  0.96880822,  0.12509205,
        0.41132817,  0.09316105, -0.32023252,  0.40216162, -0.18626366,
        2.10946284, -0.12402789,  0.49596644, -0.20497825,  0.99627709,
        0.11909629]), array([ 0.11289411,  0.04437301, -1.10205915,  0.88356278,  0.20867467,
        0.44838604,  0.11742096, -0.22699492,  0.00509523, -0.0500185 ,
        2.12735425, -0.11440915,  0.53032933, -0.18723339,  0.99116088,
        0.13181978]), array([ 0.13944629,  0.06224198, -1.04219119,  1.0299255 ,  0.38233918,
        0.45083004,  0.12057918, -0.2807306 , -0.01078586, -0.10576746,
        2.1222961 , -0.11351153,  0.53333657, -0.18395885,  0.99095543,
        0.13234576]), array([ 0.19474731,  0.13019361, -0.88191155,  0.6762052 ,  0.08029369,
        0.47421612,  0.12455967, -0.46496853, -0.08477284, -0.29367506,
        2.1789404 , -0.10935544,  0.54963468, -0.18805943,  0.98676727,
        0.14265191]), array([ 0.14387198,  0.06522037, -1.03221244,  1.01171032,  0.08464921,
        0.56873324,  0.03018109, -0.21589963, -0.01343291, -0.00760163,
        2.12145301, -0.11336191,  0.53383782, -0.18341305,  0.99092118,
        0.13243343]), array([ 0.07321164,  0.08755077, -1.11060947,  1.03792697,  0.01420864,
        0.15794105,  0.36092264, -0.19497648, -0.06418968,  0.03919846,
        2.28765902, -0.11055165,  0.54865122, -0.2169574 ,  0.98291822,
        0.15197608]), array([ 0.09868567,  0.03481106, -1.13409536,  0.89166349,  0.20351382,
        0.60432814,  0.30655564, -0.23208394,  0.01359344, -0.06947362,
        2.11780851, -0.11488948,  0.52872011, -0.2079118 ,  0.99127082,
        0.13153833]), array([ 9.23075300e-03,  6.21388004e-02, -1.23443586e+00,  8.21765255e-01,
        2.10758927e-01,  4.26562078e-01, -1.62235508e-03, -2.06218869e-01,
       -4.94097050e-02, -1.21608849e-02,  2.08096399e+00, -1.11401826e-01,
        5.47166022e-01, -6.28799866e-01,  9.81254467e-01,  1.55996675e-01]), array([ 0.11299362,  0.04425828, -1.10215629,  0.88364567,  0.2085964 ,
        0.4483572 ,  0.11739091, -0.22709103,  0.00469669, -0.05015145,
        2.12739173, -0.35319928,  0.60134619, -0.18726662,  0.99116081,
        0.11094769]), array([ 0.08586248,  0.04593713, -1.1428931 ,  0.86891868,  0.20703149,
        0.44994279,  0.09376017, -0.22389438, -0.01947268, -0.0438637 ,
        2.19534079, -0.33973365,  0.59597547, -0.18737551,  0.98841803,
       -0.38032886]), array([ 0.09107272,  0.03258526, -1.16097462,  0.87890202,  0.19830843,
        0.44816086,  0.08862293, -0.23425242, -0.05404518, -0.06170608,
        2.20774524, -0.40983042,  0.36139156, -0.19188754,  0.98844321,
       -0.37542819]), array([-0.02569139,  0.20052249, -1.06447851,  0.67945022,  0.28916635,
        0.45655534,  0.05014866, -0.10526487,  0.07618783,  0.21521398,
        2.30220245, -0.56591561,  0.32107756, -0.12999637,  0.97358319,
       -0.37994053]), array([ 0.03386536,  0.01623512, -0.94597803,  0.64938477,  0.31221353,
        0.45418469,  0.07256465, -0.07964469,  0.06609502,  0.27731438,
        2.3383312 , -0.56569128,  0.31952364, -0.18501141,  0.97335691,
       -0.38745183]), array([-0.11254279, -0.23813596, -1.14363163,  0.53555203,  0.2967634 ,
        0.42986375, -0.04997325, -0.07166729, -0.06101501,  0.38343154,
        2.35995037, -0.73905238,  0.3858734 , -0.00331271,  0.95372452,
       -0.37387341]), array([ 0.13509484,  0.01702991, -1.03829113,  0.65091018,  0.32709409,
        0.49283559,  0.03684195, -0.10716931,  0.12450243,  0.26956359,
        2.5264632 , -0.5641662 ,  0.33238461, -0.20046919,  0.97331561,
       -0.3608612 ]), array([ 0.30847191,  0.05627346, -1.01463277,  0.61518607,  0.28105335,
        0.36764713,  0.12176085, -0.25360675,  0.19833409,  0.49019039,
        2.10048169, -0.61270544,  0.29637473, -0.21164455,  0.96531152,
       -0.44282664]), array([ 0.04779043,  0.01598603, -0.94570214,  0.6505444 ,  0.31071238,
        0.45280639,  0.0730193 , -0.05498203,  0.0732823 ,  0.258168  ,
        2.33223354, -0.56581978,  0.31889084, -0.18383898,  0.72590139,
       -0.38819775]), array([ 0.18101649,  0.05483326, -0.90058901,  0.60381084,  0.2908766 ,
        0.39689166,  0.07688866,  0.35496431,  0.13535476,  0.0610956 ,
        2.27780805, -0.63253488,  0.31338536, -0.21401618,  0.77998894,
       -0.4192075 ]), array([ 0.27350693,  0.13016667, -0.88382652,  0.53232765,  0.31222516,
        0.41861551,  0.08950592,  0.35753804, -0.06585771,  0.08279808,
        2.29471844, -0.62716727,  0.33276653, -0.20578024,  0.77685388,
       -0.41142641]), array([ 0.08459863,  0.10901946, -0.62953005,  0.41225521,  0.15334319,
        0.35847377,  0.06657363,  0.19383221,  0.22849998, -0.17561666,
        2.354272  , -0.70772679,  0.31589949, -0.27897977,  0.76302036,
       -0.43959863]), array([ 0.20548471,  0.06201933, -0.85616634,  0.66803482,  0.22268215,
        0.29635445,  0.1872927 ,  0.36005378,  0.13307304,  0.07912547,
        2.34803649, -0.63239813,  0.31312659, -0.06068699,  0.78093501,
       -0.42150395]), array([ 0.05584579,  0.1255596 , -0.87961986,  0.80445705,  0.12711133,
        0.08770653,  0.29120827,  0.43740326,  0.06584549,  0.1772106 ,
        2.4528423 , -0.67561869,  0.33593091, -0.38752672,  0.75962798,
       -0.40847074]), array([ 0.08110069,  0.14255555, -0.82267689,  0.86796842,  0.2154098 ,
       -0.04771107,  0.12706037,  0.41593822,  0.0507403 ,  0.16735823,
        2.45876372, -0.67476492,  0.33879123, -0.3678339 ,  0.75943257,
       -0.40797047]), array([-0.01247692,  0.18264839, -0.6637354 ,  1.0887862 ,  0.54100859,
        0.04863491,  0.30044558,  0.4327694 ,  0.09484296,  0.08957246,
        2.48454848, -0.77227617,  0.33375442, -0.37375875,  0.74274627,
       -0.44620907]), array([ 0.10931571,  0.16146804, -0.75919331,  0.98455009,  0.10257899,
        0.06172992,  0.04770524,  0.42598917,  0.03372369,  0.20588012,
        2.45341227, -0.7730906 ,  0.37150771, -0.3643732 ,  0.75921454,
       -0.41609005]), array([-0.03710575,  0.18190323, -0.66312332,  0.93655154,  0.15508945,
       -0.00740914,  0.04547578,  0.55437871,  0.10848242,  0.24250796,
        2.50340091, -0.30211754,  0.18754114, -0.35565437,  0.74032384,
       -0.40974603]), array([ 0.06485932,  0.13249029, -0.85258179,  0.86149525,  0.21192251,
       -0.04790435,  0.11189565,  0.414736  ,  0.0316559 ,  0.16741344,
        2.49091872, -0.67029589,  0.33952899, -0.36277762,  0.75774378,
       -0.65191307]), array([-0.17737556, -0.09958349, -0.91925071,  0.82668772,  0.22181374,
       -0.16797236,  0.048052  ,  0.51991671, -0.01582237,  0.13844109,
        2.46621589, -0.88123403,  0.4086767 , -0.23015389,  0.7266118 ,
       -0.31256763]), array([ 0.09646688,  0.12836205, -0.8446372 ,  0.87975822,  0.20449813,
       -0.0520886 ,  0.12380714,  0.39840757,  0.01859779,  0.15195538,
        2.46319832, -0.7439455 ,  0.10456943, -0.37397693,  0.75942423,
       -0.40458789]), array([ 0.26517388,  0.15829759, -0.80412554,  0.86379361,  0.21702708,
       -0.2522781 ,  0.20944588,  0.33454339,  0.28098427,  0.3240885 ,
        2.20790857, -0.7800863 ,  0.40292373, -0.42406144,  0.73093961,
       -0.43165524]), array([ 1.30399832e-01,  5.29585533e-02, -8.58549738e-01,  9.72961476e-01,
        1.73280369e-01, -7.03850303e-02,  1.52496094e-01,  3.61532005e-01,
       -1.22566330e-03,  2.19243105e-02,  2.40360405e+00, -6.05615109e-01,
        3.67030960e-01, -4.04018370e-01,  7.63981417e-01, -4.02287412e-01]), array([ 0.12966894,  0.05943859, -0.78886671,  0.85470689,  0.22900859,
       -0.04051536,  0.12955028,  0.42162974,  0.05867181,  0.1937661 ,
        2.51533164, -0.67433734,  0.3408398 , -0.39600372,  0.75932147,
       -0.40567762]), array([ 0.10159186,  0.2668129 , -0.95374993,  0.89261302,  0.22192406,
       -0.0499609 ,  0.0923995 ,  0.40020708,  0.13758689,  0.11496863,
        2.57866438, -0.69739163,  0.36495038, -0.35038676,  0.75327954,
       -0.37398986]), array([ 0.08783078,  0.13222825, -0.86356781,  0.89828948,  0.23568092,
       -0.04259641,  0.12801547,  0.43331817,  0.04142571,  0.20806633,
        2.44873305, -0.66415623,  0.33795069, -0.35909208,  0.85992785,
       -0.40513004]), array([ 0.01751839,  0.18528765, -0.69854089,  0.78375363,  0.16153577,
       -0.07725675,  0.12895581,  0.33700713,  0.0739146 ,  0.07785051,
        2.47409173, -0.7141278 ,  0.34699851, -0.3918441 ,  0.87393405,
       -0.41369846]), array([ 0.04155253,  0.1275827 , -0.83503304,  0.88461885,  0.21879936,
       -0.03542025,  0.12520517,  0.31431142,  0.04969609,  0.21458088,
        2.47102849, -0.65863777,  0.33877465, -0.36095235,  0.74627133,
       -0.40085053]), array([ 0.1164925 ,  0.24789731, -0.78136143,  0.80290852,  0.23691534,
       -0.06441635,  0.1519183 ,  0.42161057, -0.13116483,  0.17732404,
        2.42521023, -0.68957968,  0.36973979, -0.35276522,  0.67596635,
       -0.39641493]), array([ 0.04339203,  0.1532369 , -0.8408971 ,  0.87610218,  0.21674877,
       -0.05945007,  0.11460852,  0.43005051,  0.03782517,  0.18174277,
        2.45867706, -0.68355443,  0.34348541, -0.48049153,  0.75483299,
       -0.40463599]), array([ 0.08835589,  0.12789762, -0.84030395,  0.77755239,  0.29799319,
        0.07990609,  0.01197416,  0.40082915,  0.08710227,  0.11203275,
        2.34966149, -0.67113271,  0.33568949, -0.38602389,  0.73654472,
       -0.40984589]), array([ 0.09660349,  0.15645406, -0.80702258,  0.87259161,  0.19606139,
       -0.10294262,  0.15444953,  0.41741034,  0.11023151,  0.19334832,
        2.39218521, -0.69966334,  0.3414326 , -0.37003427,  0.72362091,
       -0.42161717]), array([ 0.07282882,  0.14602333, -0.80888203,  0.89160832,  0.25560831,
       -0.03593179,  0.15238153,  0.41424911,  0.0546271 ,  0.155866  ,
        2.46054345, -0.69690672,  0.34238123, -0.36913254,  0.75796874,
       -0.41251464]), array([ 0.03001696,  0.1568896 , -0.7871186 ,  0.8796564 ,  0.18785255,
       -0.04087844,  0.10688533,  0.46092187,  0.05215824,  0.16430264,
        2.47450305, -0.59515603,  0.31107752, -0.3530735 ,  0.73623769,
       -0.4007754 ]), array([ 0.01972171,  0.09085839, -0.8541581 ,  0.84780035,  0.19602795,
       -0.07474674,  0.10632099,  0.44151635,  0.02748176,  0.15356815,
        2.46216036, -0.7264942 ,  0.36061509, -0.33297897,  0.7443756 ,
       -0.39185149]), array([ 0.0714818 ,  0.15353889, -0.79522771,  0.84374828,  0.19703955,
       -0.05623734,  0.12531078,  0.39706739,  0.05306703,  0.14629595,
        2.46489795, -0.68239215,  0.34086509, -0.37457849,  0.79086538,
       -0.4089895 ]), array([ 0.08396211,  0.14258395, -0.81650272,  0.87153129,  0.22947566,
       -0.05757604,  0.10284313,  0.41284458,  0.0512278 ,  0.16494963,
        2.45450453, -0.6744265 ,  0.33854537, -0.36645628,  0.75955721,
       -0.40825309]), array([ 0.08344963,  0.13757018, -0.8390233 ,  0.83842971,  0.21572643,
       -0.00528834,  0.11981056,  0.41675317,  0.05920988,  0.16002602,
        2.43378422, -0.6696435 ,  0.33743384, -0.37373321,  0.75103256,
       -0.40749895]), array([ 0.0820988 ,  0.13923016, -0.82219149,  0.87250791,  0.21419943,
       -0.04836101,  0.12871195,  0.41491124,  0.05141102,  0.16114743,
        2.45529958, -0.66341519,  0.36629113, -0.36912179,  0.7596795 ,
       -0.40840728]), array([ 0.09642525,  0.12881735, -0.83742524,  0.89094221,  0.19664474,
       -0.05772775,  0.13533542,  0.40433428,  0.03156688,  0.13656432,
        2.4526168 , -0.66862564,  0.31398211, -0.37451834,  0.75428327,
       -0.40604129]), array([ 0.07703645,  0.13988696, -0.83137154,  0.85528445,  0.2270248 ,
       -0.05921943,  0.13436786,  0.41480104,  0.05123437,  0.16331578,
        2.46150487, -0.66413431,  0.33540481, -0.36785475,  0.75934102,
       -0.42364893]), array([ 0.08257897,  0.14739046, -0.82057544,  0.88211045,  0.1952654 ,
       -0.03328033,  0.11341969,  0.41876458,  0.04348472,  0.17574295,
        2.46708912, -0.68913454,  0.34288332, -0.36513316,  0.75651765,
       -0.45733538]), array([ 0.08024743,  0.14443044, -0.83426437,  0.87349188,  0.21291285,
       -0.04701167,  0.12212423,  0.415477  ,  0.07386078,  0.15901096,
        2.47161421, -0.67626061,  0.33829998, -0.36835814,  0.76086126,
       -0.40652952]), array([ 0.09784176,  0.17433255, -0.82702624,  0.85761951,  0.21002723,
       -0.05239225,  0.13245934,  0.42043565,  0.02304784,  0.18667296,
        2.476246  , -0.68284249,  0.3435037 , -0.36195027,  0.74530938,
       -0.38301384]), array([ 0.0671107 ,  0.14244577, -0.80916166,  0.87365467,  0.20931021,
       -0.04475862,  0.1277335 ,  0.42778596,  0.05005844,  0.17229634,
        2.45905013, -0.65985197,  0.32994459, -0.3643137 ,  0.75602723,
       -0.40253794]), array([ 0.08897374,  0.14849858, -0.81887399,  0.8698364 ,  0.21539818,
       -0.04813741,  0.13010622,  0.41322013,  0.0564481 ,  0.1709704 ,
        2.45479651, -0.66982989,  0.33647183, -0.37176273,  0.75950252,
       -0.41031509]), array([ 0.07399614,  0.13095272, -0.82574192,  0.86459351,  0.20816197,
       -0.05964937,  0.12979604,  0.419287  ,  0.05263777,  0.17365521,
        2.44775415, -0.69261154,  0.34256085, -0.36251775,  0.75555874,
       -0.40391058]), array([ 0.08533951,  0.13520915, -0.81619098,  0.86431662,  0.21517047,
       -0.04740244,  0.12723036,  0.41514805,  0.05224027,  0.1667893 ,
        2.46508675, -0.67554587,  0.33905723, -0.37127327,  0.75162675,
       -0.40796603]), array([ 0.08588851,  0.12992924, -0.82840175,  0.86990612,  0.21930247,
       -0.0420991 ,  0.1257825 ,  0.42074519,  0.04280963,  0.1761003 ,
        2.46551847, -0.67465392,  0.33848983, -0.36808775,  0.78145758,
       -0.40395988]), array([ 0.08525049,  0.14102532, -0.82058025,  0.86718335,  0.21528935,
       -0.04608577,  0.12858253,  0.41280725,  0.05233103,  0.16621077,
        2.45894072, -0.67345414,  0.33820769, -0.35374145,  0.75982575,
       -0.40828833]), array([ 0.0685816 ,  0.14035018, -0.82712491,  0.8716862 ,  0.21547965,
       -0.0441568 ,  0.12561839,  0.3913691 ,  0.04795066,  0.17819196,
        2.46156232, -0.67174143,  0.33881736, -0.36932301,  0.75608587,
       -0.40523876]), array([ 0.07327485,  0.15098142, -0.81141953,  0.85659122,  0.20755116,
       -0.04907884,  0.12629562,  0.4105206 ,  0.04675045,  0.15296926,
        2.46071567, -0.68166761,  0.33968263, -0.37114948,  0.77381605,
       -0.40674605]), array([ 0.08203706,  0.15077812, -0.82825253,  0.86690316,  0.21638516,
       -0.04818432,  0.12615437,  0.42051517,  0.04327902,  0.16744666,
        2.46266691, -0.67679299,  0.34095669, -0.36628384,  0.75483911,
       -0.403815  ]), array([ 0.08319809,  0.14099276, -0.82494641,  0.86835903,  0.21081027,
       -0.04977311,  0.1254027 ,  0.4149489 ,  0.04872243,  0.16533796,
        2.45795291, -0.67227227,  0.33676336, -0.36832544,  0.75909846,
       -0.40745403]), array([ 0.07855366,  0.14126993, -0.82175043,  0.87558614,  0.22271146,
       -0.04403614,  0.13237395,  0.41658197,  0.04880416,  0.16071249,
        2.45633025, -0.67953958,  0.33719029, -0.36883383,  0.75853647,
       -0.40877359]), array([ 0.080982  ,  0.14333695, -0.82146396,  0.87135828,  0.21333321,
       -0.04944085,  0.12675474,  0.41618043,  0.04940752,  0.16865885,
        2.46150366, -0.67632952,  0.33946932, -0.36716501,  0.75976935,
       -0.41302496]), array([ 0.07873685,  0.14300825, -0.82429716,  0.86296178,  0.21505728,
       -0.03746415,  0.12194653,  0.41894426,  0.0520504 ,  0.16910183,
        2.45474338, -0.67654945,  0.34052973, -0.36782209,  0.75815236,
       -0.41441867]), array([ 0.0809084 ,  0.14279021, -0.82079785,  0.86858974,  0.21930777,
       -0.05028631,  0.12127356,  0.41589437,  0.0510252 ,  0.16739511,
        2.45783576, -0.67492413,  0.33901889, -0.36728696,  0.75975359,
       -0.40743363]), array([ 0.08068524,  0.14264163, -0.8224033 ,  0.86848148,  0.21502011,
       -0.04801723,  0.12726248,  0.41579333,  0.0509888 ,  0.16629721,
        2.45800348, -0.6734688 ,  0.34200078, -0.3678081 ,  0.75860969,
       -0.40806465]), array([ 0.08183187,  0.14053126, -0.82340395,  0.86733834,  0.21681997,
       -0.04625414,  0.12877816,  0.41775939,  0.05017366,  0.17055262,
        2.46110655, -0.67507929,  0.33958213, -0.36840346,  0.76450357,
       -0.40644711]), array([ 0.08043863,  0.14281482, -0.82105158,  0.86960931,  0.21387559,
       -0.04643966,  0.12638017,  0.41689995,  0.05094806,  0.16797701,
        2.45870336, -0.67466357,  0.33844747, -0.36758205,  0.75921115,
       -0.4061291 ]), array([ 0.07674462,  0.14316126, -0.82233797,  0.86582439,  0.2165008 ,
       -0.04950352,  0.12920903,  0.41816679,  0.05161102,  0.16782339,
        2.45962208, -0.67202923,  0.33569984, -0.36691101,  0.75826838,
       -0.40939726]), array([ 0.08078407,  0.14390358, -0.82125863,  0.86700099,  0.21523574,
       -0.04683744,  0.12673105,  0.41500872,  0.04998684,  0.16546776,
        2.46002652, -0.67412136,  0.33864118, -0.36832753,  0.76091362,
       -0.40810443]), array([ 0.08011527,  0.14356848, -0.8222501 ,  0.86522505,  0.21379445,
       -0.05005707,  0.12867323,  0.41492547,  0.05219204,  0.16773875,
        2.45684315, -0.68050871,  0.33865738, -0.36767795,  0.75968806,
       -0.40722871]), array([ 0.08166542,  0.14288881, -0.82373072,  0.86834352,  0.21513866,
       -0.04785766,  0.1265837 ,  0.41743152,  0.05333567,  0.16577361,
        2.45997363, -0.67515435,  0.33875765, -0.3678018 ,  0.75983341,
       -0.40796083]), array([ 0.07875367,  0.14285717, -0.82554224,  0.8691681 ,  0.21626942,
       -0.04631526,  0.12663044,  0.41061593,  0.05210405,  0.16954866,
        2.46100218, -0.67472509,  0.33832088, -0.36805559,  0.7579455 ,
       -0.40731047]), array([ 0.08122118,  0.1418962 , -0.82268891,  0.86942698,  0.21716054,
       -0.04685136,  0.12844695,  0.41616563,  0.04952499,  0.16613125,
        2.45766191, -0.67572594,  0.33770419, -0.36807892,  0.75889693,
       -0.40847532]), array([ 0.08129629,  0.1422139 , -0.82206381,  0.86825727,  0.21531748,
       -0.0477144 ,  0.12729271,  0.41538865,  0.05174848,  0.16757145,
        2.45803306, -0.67429645,  0.33845087, -0.36832544,  0.76004213,
       -0.4085105 ]), array([ 0.08313775,  0.14507986, -0.82277314,  0.86746858,  0.21592073,
       -0.04773243,  0.12756607,  0.41639951,  0.05029131,  0.16876897,
        2.45873766, -0.67426626,  0.33864203, -0.36806005,  0.75832689,
       -0.40786628]), array([ 0.08122256,  0.14292455, -0.82292626,  0.86814934,  0.21541459,
       -0.0475666 ,  0.12720419,  0.41567392,  0.05079596,  0.16728136,
        2.45832929, -0.6745747 ,  0.33871239, -0.36614354,  0.76003156,
       -0.40800336]), array([ 0.08231455,  0.14062915, -0.82115825,  0.8667214 ,  0.21553568,
       -0.04738112,  0.12720299,  0.41561174,  0.0509396 ,  0.16740042,
        2.46017937, -0.674987  ,  0.33879719, -0.36679276,  0.75776665,
       -0.4080553 ]), array([ 0.0804616 ,  0.14234291, -0.82348317,  0.8665602 ,  0.21493821,
       -0.04562002,  0.12554072,  0.41686345,  0.05036368,  0.1679284 ,
        2.45786504, -0.675202  ,  0.33900813, -0.36823243,  0.75903661,
       -0.40957778]), array([ 0.07993286,  0.14257824, -0.82259128,  0.86754413,  0.21560204,
       -0.04845199,  0.12753945,  0.41659419,  0.05063865,  0.16755523,
        2.45904626, -0.67409004,  0.33823737, -0.36782776,  0.75908586,
       -0.40804687]), array([ 0.08117435,  0.14241627, -0.82288867,  0.86756666,  0.21553281,
       -0.04755865,  0.12705079,  0.4158808 ,  0.05084563,  0.16714282,
        2.45840719, -0.67450402,  0.33865141, -0.36792923,  0.75938212,
       -0.4073404 ]), array([ 0.08169978,  0.14221969, -0.8230448 ,  0.86852761,  0.21447575,
       -0.048468  ,  0.12665932,  0.4157202 ,  0.04981947,  0.16737074,
        2.45911497, -0.67498451,  0.33870402, -0.36816593,  0.75955077,
       -0.40826993]), array([ 0.08101718,  0.14249319, -0.82302246,  0.86830654,  0.21561336,
       -0.04740157,  0.12689606,  0.41559928,  0.0507834 ,  0.16748535,
        2.45913689, -0.6742879 ,  0.33869363, -0.36786193,  0.75925097,
       -0.40801359]), array([ 0.08062205,  0.14300276, -0.82247939,  0.8677951 ,  0.21534845,
       -0.04796477,  0.12736681,  0.41532729,  0.05100163,  0.16768048,
        2.45884918, -0.67630602,  0.33920759, -0.36798881,  0.75934948,
       -0.40782013]), array([ 0.08105118,  0.14270563, -0.82245599,  0.86804975,  0.21571813,
       -0.04804623,  0.12637207,  0.41582234,  0.05079496,  0.16719828,
        2.4585517 , -0.67481191,  0.33863499, -0.3677444 ,  0.75917021,
       -0.40801202]), array([ 0.08137685,  0.14215638, -0.82234718,  0.86798417,  0.21623526,
       -0.04781453,  0.12691218,  0.41667823,  0.05042698,  0.16794382,
        2.45902622, -0.67493694,  0.33948662, -0.36795721,  0.76049588,
       -0.4077717 ]), array([ 0.08099704,  0.14254498, -0.82278392,  0.86763334,  0.2151033 ,
       -0.04724531,  0.12686967,  0.416247  ,  0.05064311,  0.16743703,
        2.45851513, -0.67493651,  0.33884308, -0.36787735,  0.75936088,
       -0.40848026]), array([ 0.08098265,  0.14283238, -0.82265596,  0.86796148,  0.21540333,
       -0.04764794,  0.12702531,  0.4158798 ,  0.05061705,  0.16717186,
        2.45879002, -0.67470223,  0.33876546, -0.36798647,  0.75967787,
       -0.40797609]), array([ 0.08140782,  0.14232986, -0.82211562,  0.86766714,  0.21532939,
       -0.04761993,  0.1272427 ,  0.41581507,  0.05070647,  0.16710287,
        2.45918894, -0.67478061,  0.33876183, -0.3676183 ,  0.75923364,
       -0.40804195]), array([ 0.08099335,  0.14256175, -0.82243488,  0.86811974,  0.21526318,
       -0.04756556,  0.1270184 ,  0.4159446 ,  0.05059478,  0.16752686,
        2.45867906, -0.67472891,  0.33875662, -0.36780903,  0.75938297,
       -0.40777408]), array([ 0.08126151,  0.14263121, -0.82282628,  0.86830949,  0.21521054,
       -0.04776174,  0.12711123,  0.41647582,  0.05128668,  0.16712388,
        2.45894071, -0.67496227,  0.33872265, -0.36782101,  0.75936346,
       -0.40784318]), array([ 0.08087397,  0.1423357 , -0.82266688,  0.86805067,  0.21534291,
       -0.04772869,  0.12702703,  0.41590292,  0.05076351,  0.16713448,
        2.45872722, -0.67473174,  0.33905558, -0.36779615,  0.75945096,
       -0.40797207]), array([ 0.08144226,  0.14290989, -0.82271044,  0.86798296,  0.21548037,
       -0.0479257 ,  0.12737832,  0.41596751,  0.05067498,  0.16746657,
        2.45851288, -0.67452298,  0.33929487, -0.36791349,  0.75905811,
       -0.40810988]), array([ 0.08113595,  0.14234173, -0.82273532,  0.86828106,  0.21582882,
       -0.04758525,  0.12744035,  0.41599274,  0.05042265,  0.16711252,
        2.45850968, -0.67506608,  0.33846458, -0.36789142,  0.75931057,
       -0.40812978]), array([ 0.08120116,  0.14241437, -0.82267802,  0.86789138,  0.21563156,
       -0.04777344,  0.12698905,  0.41608319,  0.05072236,  0.16756907,
        2.45885038, -0.6748237 ,  0.33889427, -0.36783335,  0.75967065,
       -0.40795485]), array([ 0.08119038,  0.14251577, -0.82261719,  0.86802188,  0.21538867,
       -0.0476678 ,  0.12705355,  0.41584493,  0.05084869,  0.16736874,
        2.45867631, -0.67476002,  0.33879095, -0.36790076,  0.75950994,
       -0.40802054]), array([ 0.08089655,  0.14251684, -0.82269379,  0.86785146,  0.21532337,
       -0.04795908,  0.12721655,  0.41595   ,  0.0508154 ,  0.16745618,
        2.4587583 , -0.67465893,  0.33857045, -0.36782088,  0.75940223,
       -0.40807742]), array([ 0.08113725,  0.14248935, -0.8226922 ,  0.86797096,  0.21534763,
       -0.0477716 ,  0.12701721,  0.41594359,  0.05067344,  0.16735463,
        2.45881035, -0.6747845 ,  0.33878459, -0.36801956,  0.75938314,
       -0.40795537]), array([ 0.08126252,  0.14257439, -0.82287616,  0.86800199,  0.21523496,
       -0.04778034,  0.1270139 ,  0.41582002,  0.05059165,  0.16732602,
        2.45873709, -0.67484874,  0.33876353, -0.36754926,  0.7595105 ,
       -0.40794204]), array([ 0.08096958,  0.14267397, -0.82272591,  0.86788273,  0.21547907,
       -0.04763926,  0.12712318,  0.41575267,  0.0508628 ,  0.16743921,
        2.4588317 , -0.67507687,  0.33887821, -0.36783273,  0.75932977,
       -0.40788388]), array([ 0.08117012,  0.1425404 , -0.82255303,  0.86788349,  0.21542292,
       -0.0476602 ,  0.12709139,  0.41593223,  0.05073772,  0.16727297,
        2.45887451, -0.67474382,  0.33877718, -0.36776105,  0.7593852 ,
       -0.40799285]), array([ 0.08109409,  0.14252225, -0.82267394,  0.86797859,  0.21546673,
       -0.04769952,  0.12710053,  0.41590945,  0.05067403,  0.16734597,
        2.45872729, -0.67478695,  0.33876518, -0.36783843,  0.75942518,
       -0.40799717]), array([ 0.08111179,  0.14259082, -0.82272504,  0.86808602,  0.21543656,
       -0.04768113,  0.12709732,  0.41608936,  0.05081617,  0.1672941 ,
        2.45875717, -0.67481439,  0.33874251, -0.36781335,  0.75941097,
       -0.40794507]), array([ 0.0811274 ,  0.1425817 , -0.8226571 ,  0.86800729,  0.21543567,
       -0.04777466,  0.12710954,  0.41591278,  0.0507399 ,  0.16735526,
        2.45877363, -0.67473933,  0.33882469, -0.36783531,  0.75942691,
       -0.40792679]), array([ 0.08111101,  0.14262624, -0.82272041,  0.86789382,  0.21539244,
       -0.04765071,  0.12703779,  0.41599282,  0.05071828,  0.16740935,
        2.45867473, -0.67471245,  0.33889442, -0.36782646,  0.75935895,
       -0.40806902]), array([ 0.08108983,  0.14258114, -0.82263864,  0.8680107 ,  0.21542674,
       -0.0477544 ,  0.12699948,  0.41593283,  0.05073603,  0.16736265,
        2.45877576, -0.67479185,  0.3387894 , -0.36781757,  0.75941343,
       -0.40802906]), array([ 0.08109581,  0.14254325, -0.82268932,  0.86788586,  0.21548306,
       -0.04772955,  0.12693776,  0.41592005,  0.05077734,  0.16730407,
        2.45867097, -0.67473267,  0.33872809, -0.3678202 ,  0.75939847,
       -0.40786045]), array([ 0.08107027,  0.14252651, -0.82277586,  0.86802973,  0.21545552,
       -0.04762046,  0.12702238,  0.41586717,  0.05075876,  0.16740436,
        2.45886798, -0.6746538 ,  0.33875775, -0.3678256 ,  0.75940981,
       -0.40798035]), array([ 0.0810737 ,  0.1425492 , -0.82263375,  0.86798412,  0.21537621,
       -0.04767511,  0.12705435,  0.41594892,  0.05071512,  0.16740028,
        2.45875143, -0.67476435,  0.33877931, -0.36781979,  0.7594365 ,
       -0.40792995]), array([ 0.08112977,  0.14257546, -0.82268789,  0.86796467,  0.21540326,
       -0.04771271,  0.12705995,  0.41593274,  0.05072999,  0.16737337,
        2.45876476, -0.67477218,  0.33876671, -0.36782665,  0.75943384,
       -0.40796896]), array([ 0.08107119,  0.14250886, -0.82270328,  0.86796792,  0.21537961,
       -0.0477162 ,  0.12705332,  0.41592912,  0.05074102,  0.16731517,
        2.45876163, -0.67477362,  0.33883231, -0.3678026 ,  0.75945647,
       -0.4079736 ]), array([ 0.08109979,  0.14256785, -0.82267242,  0.86797225,  0.21540773,
       -0.04771191,  0.12705425,  0.41594921,  0.05072301,  0.16734112,
        2.45876167, -0.67473853,  0.33878377, -0.36784021,  0.75945945,
       -0.40797676]), array([ 0.08105136,  0.14258687, -0.82267154,  0.86794213,  0.21543284,
       -0.0476868 ,  0.12707244,  0.41591949,  0.0507675 ,  0.16735474,
        2.45878219, -0.67480379,  0.33880641, -0.36787019,  0.75943946,
       -0.40796333]), array([ 0.08108371,  0.14256413, -0.82267649,  0.86796959,  0.21538697,
       -0.04771812,  0.12707414,  0.41592528,  0.05074783,  0.16734654,
        2.45875471, -0.67475455,  0.33877139, -0.3678346 ,  0.75941331,
       -0.40797831]), array([ 0.08108858,  0.14250654, -0.8226692 ,  0.86794202,  0.21543649,
       -0.0477403 ,  0.12707505,  0.41597463,  0.05077041,  0.16740336,
        2.45877029, -0.67475349,  0.33878346, -0.36783156,  0.75944422,
       -0.40798687]), array([ 0.08109334,  0.14254501, -0.8226903 ,  0.86798669,  0.21541994,
       -0.04770084,  0.12705299,  0.4159204 ,  0.05074545,  0.16736269,
        2.45879049, -0.67475003,  0.33877614, -0.36783211,  0.75943442,
       -0.40796562]), array([ 0.08111475,  0.1425603 , -0.82269056,  0.86796634,  0.21542427,
       -0.04767223,  0.1270488 ,  0.41595259,  0.05073532,  0.16737321,
        2.45874166, -0.67473883,  0.33885111, -0.36783865,  0.75938532,
       -0.40798699]), array([ 0.08109257,  0.14255115, -0.82269873,  0.86798098,  0.21540118,
       -0.04772639,  0.12705087,  0.41594125,  0.0507315 ,  0.16737085,
        2.45875319, -0.67477045,  0.33879267, -0.3678648 ,  0.75943314,
       -0.40796451]), array([ 0.08113421,  0.1425195 , -0.8226388 ,  0.86795375,  0.2153962 ,
       -0.04770692,  0.1270531 ,  0.41595315,  0.05072854,  0.16732293,
        2.45880127, -0.67478311,  0.33879049, -0.36787045,  0.75940352,
       -0.40795915]), array([ 0.08108694,  0.14256498, -0.82269168,  0.86797219,  0.21541746,
       -0.04771477,  0.12706633,  0.4159687 ,  0.05072882,  0.16734949,
        2.45877653, -0.67477144,  0.33878554, -0.36782086,  0.7594174 ,
       -0.40796022]), array([ 0.08112207,  0.14255004, -0.82267234,  0.86802   ,  0.21542013,
       -0.0476845 ,  0.12707117,  0.41596631,  0.05079109,  0.16733731,
        2.45873009, -0.67479026,  0.3387806 , -0.36783511,  0.7594468 ,
       -0.40796806]), array([ 0.0810946 ,  0.14255117, -0.82267341,  0.86795657,  0.21542761,
       -0.04771801,  0.12703613,  0.41593381,  0.05074741,  0.16734593,
        2.45874448, -0.67475708,  0.33878333, -0.36783135,  0.75942438,
       -0.40794703]), array([ 0.0811522 ,  0.14257797, -0.82269707,  0.86792796,  0.2154025 ,
       -0.04770982,  0.12705515,  0.41592019,  0.050728  ,  0.16738199,
        2.45876065, -0.67480673,  0.33878699, -0.36779395,  0.75944931,
       -0.40796555])]","[0.009230585841816241, 0.015179210055541681, 0.0123219993080812, 0.00410600676506423, 0.02873746678100031, 0.013571306322717414, 0.014685089825346331, 0.01057849142996381, 0.022836245859323645, 0.01487242062299321, 0.02478001583323075, 0.004715730801905682, 0.0015539415355114716, 0.012575166943668448, 0.01411207928269742, 0.0058970219636826915, 0.0028728009857972303, 0.04379400886861884, 0.015346748723668924, 0.013268590143331593, 0.016214634694731833, 0.019645102196019337, 0.004960492556769891, 0.016019501449277662, 0.005766866108296798, 0.014554174571344003, 0.007821227521189522, 0.007062846716800575, 0.008517317891851617, 0.0058945969400932, 0.018935192775823007, 0.012657523425312789, 0.0014124123253460574, 0.014971997248832025, 0.0076784947342734, 0.006586528529985536, 0.002508978697204567, 0.006284082350619835, 0.000132242967827656, 0.009560452479864034, 0.015484316323357339, 0.011207892940333197, 0.009390238626951541, 0.004724650333255642, 0.00465530454676899, 0.007218575324997367, 0.02018652361159523, 0.0018509817156588948, 0.009272283012396798, 0.0017430172557624246, 0.013443165878437968, 0.008648933194936648, 0.0018457054951299678, 0.006432207394341027, 0.0014030285298671785, 0.012873990457286766, 0.007002171781470556, 0.009756389578480018, 9.947984444558244e-05, 0.006938783401146731, 0.010674243978217035, 0.019480635194030205, 0.01200348911760818, 0.006408692729793053, 0.0011736816100063052, 0.008322701405700128, 0.0040888917183645734, 0.0015412976246518273, 0.016530777933954077, 0.0004347253721213029, 0.006545247303802126, 0.002407462858942999, 0.01063185377561271, 0.011017291509788363, 0.003764823559588626, 0.009842931768741625, 0.01869425387840895, 0.01381819131952633, 0.014965293356888898, 0.014754433534270195, 0.005840392401593064, 0.003247644057799537, 0.005784690805268999, 0.004799330624978726, 0.011085041144653696, 0.0067930087156951036, 0.0008708628364724191, 0.0013151372850079834, 0.004510149418339715, 0.003398025639366642, 0.004636014443986092, 0.0024173149188186915, 0.01334516272756714, 0.00010591743000465392, 0.0032690437297853148, 7.935608437237285e-05, 0.0038957032969284544, 0.014720179238336017, 9.544593987165229e-06, 0.007933104328340823, 0.01877402454215371, 0.0017643026463909361, 0.010337808336211118, 0.006688976612219122, 0.002803267787970354, 0.00041168819309334026, 0.0018012433770926428, 0.005492155364296147, 0.012173642846945665, 0.004733212981828494, 0.002372786907944846, 0.003563914277890934, 0.00972069105254314, 0.0025682666690289846, 0.0030559740874680497, 0.008361955054046355, 0.0002850791220323501, 0.008198942585800006, 0.00486605578276178, 0.004924954918567259, 0.0005855032838664176, 0.009309770894252223, 0.009556076606535235, 0.00980558313550084, 6.901019622884697e-05, 0.010820848298787267, 0.002922273822933974, 0.0020361914509963164, 0.002127250129164926, 0.002097340421138405, 0.00028813064152610757, 0.002308725414389423, 0.008177494997484436, 0.00017945211738279454, 0.0064943820909399985, 0.0039991523078946045, 0.014795251939320853, 0.0055266314384094795, 0.00026772640220218413, 0.0031167071465725282, 0.0030594475200744764, 0.01190360878796537, 0.003064448659306107, 0.004448670177914726, 0.0025777535094309023, 0.0025797773577715954, 0.007911546461221608, 0.009775783195993037, 0.006653962100729771, 0.008970180744396927, 0.00498705759313145, 0.0033458377464710143, 0.0020806036761320534, 0.007704606261640823, 0.00462256116528148, 0.003293127087303338, 0.0015886905946080887, 9.088072326468577e-06, 0.004442693589869373, 0.010709937112697965, 0.00801982542285029, 0.01095454557758102, 0.0029593504240459367]","[-1.066580176840453, -1.1081148583791465, -1.0729923059443274, -1.0589007911109949, -1.1401592223874142, -1.1401592223874142, -1.1401592223874142, -1.1401592223874142, -1.1401592223874142, -0.9788918158861946, -1.1185691004328953, -1.1932640258054177, -1.1943725920915114, -1.1932640258054175, -1.1932640258054175, -1.1932640258054175, -1.1932640258054172, -1.027529960761987, -1.201448805505315, -1.1702887850518988, -1.1497794099768146, -1.210548727002081, -1.206919783600901, -1.2342018270418005, -1.2398174071661174, -1.2657422438840948, -1.267766490065673, -1.279508584058266, -1.243405791382887, -1.1899100877013167, -1.3063672096798828, -1.302736906483359, -1.30385759091274, -1.4212874410675582, -1.4685208567392853, -1.5111464673799604, -1.4050092916748553, -1.50647515855854, -1.5499803515943549, -1.5694305674650255, -1.5881137969731063, -1.5739070624120914, -1.5495798215374226, -1.5887545420336784, -1.577255359605412, -1.5738551126560525, -1.5740249764044911, -1.6482552094387521, -1.648383487840303, -1.6600164290608521, -1.7058740403008668, -1.6965955181804144, -1.5595795602416034, -1.6846023128980752, -1.58597030329932, -1.7008233929992533, -1.7163245016653754, -1.6995922366222342, -1.709422470469405, -1.7273056378591405, -1.7399299035620472, -1.7461258037524032, -1.758995220383835, -1.7509598278432863, -1.6825818687966907, -1.7445153235130126, -1.7192237845680673, -1.7521844726408957, -1.6970964452713315, -1.7353820862007203, -1.7401192321574006, -1.7194544223131056, -1.7357569269584303, -1.764585646800682, -1.745535596196854, -1.739984500441038, -1.7451337546709502, -1.7398076040013815, -1.7435184381925344, -1.7504756355010986, -1.739134311280731, -1.7485737384221731, -1.7520995423209875, -1.7463498782820297, -1.7439612816672485, -1.74527471449944, -1.7457965680008187, -1.7451673380557025, -1.7468439098245194, -1.7454639182928016, -1.745121188602341, -1.7451189687249058, -1.7452809223377481, -1.7468591154713844, -1.7466889062534667, -1.744483361302966, -1.7462148123405603, -1.746733702027301, -1.749502962436427, -1.7458106538344447, -1.7457693432741186, -1.7471196264511193, -1.7463164229266486, -1.745878695971736, -1.746206552793242, -1.746095077847592, -1.7457888950834226, -1.746139879143282, -1.745979486479054, -1.746440454260033, -1.7467985130089194, -1.7460378965909302, -1.7461895487037296, -1.7462706343435102, -1.7460970717084845, -1.7458804255427316, -1.7460936497627786, -1.7462567188612608, -1.7460275784891395, -1.7460871237141877, -1.7460921698122918, -1.7461104416646787, -1.746068129284672, -1.7463405824886256, -1.7461560943408345, -1.7460750535423413, -1.746113469650809, -1.7461485000368147, -1.7461969319950839, -1.746132792021798, -1.7460984674849354, -1.7461476686114055, -1.7460743580580274, -1.7461608522595, -1.7461043574316988, -1.7461255605552146, -1.7461176122613344, -1.7461258489346991, -1.7461210692019953, -1.7461677014077834, -1.7461404545035784, -1.7461315910629138, -1.7461188593514547, -1.746125713703779, -1.7461094716425705, -1.7461314501366432, -1.7461237596771475, -1.7461101957887313, -1.7461267505008484, -1.7461239191431956, -1.7461290610023805, -1.7461243241496345, -1.7461346686118544, -1.7461270985052393, -1.7461201578435053, -1.7461245224087694, -1.7461190700335805, -1.7461235447616665, -1.7461314223844677, -1.7461252556712203, -1.7461249786835686, -1.7461260481036145, -1.7461261402148482]",-1.8426866819057295,1.0666666666666667,4,4,16,3,8,1
